{"cameraMode":{"drawMode":0,"name":"Shaded","section":"Shading Mode"},"sceneLighting":true,"audioPlay":false,"sceneViewState":{"showFog":true,"showMaterialUpdate":false,"showSkybox":true,"showFlares":true,"showImageEffects":true,"showParticleSystems":true},"in2DMode":false,"pivot":{"x":2.158970355987549,"y":-0.4509439468383789,"z":-1.2593154907226563},"rotation":{"x":0.07833926379680634,"y":0.9174786806106567,"z":-0.31765615940093996,"w":0.22627432644367219},"size":76.95397186279297,"orthographic":false}