{"cameraMode":{"drawMode":0,"name":"Shaded","section":"Shading Mode"},"sceneLighting":true,"audioPlay":false,"sceneViewState":{"showFog":true,"showMaterialUpdate":false,"showSkybox":true,"showFlares":true,"showImageEffects":true,"showParticleSystems":true},"in2DMode":false,"pivot":{"x":12.589710235595704,"y":-29.47037124633789,"z":46.25754165649414},"rotation":{"x":-0.33137112855911257,"y":-0.016418468207120897,"z":0.005767439492046833,"w":-0.9433402419090271},"size":72.48247528076172,"orthographic":false}