{"cameraMode":{"drawMode":0,"name":"Shaded","section":"Shading Mode"},"sceneLighting":true,"audioPlay":false,"sceneViewState":{"showFog":true,"showMaterialUpdate":false,"showSkybox":true,"showFlares":true,"showImageEffects":true,"showParticleSystems":true},"in2DMode":false,"pivot":{"x":20.8184814453125,"y":-3.819995880126953,"z":39.57283020019531},"rotation":{"x":-0.2952403426170349,"y":-0.059571314603090289,"z":0.018447816371917726,"w":-0.9533861875534058},"size":83.0167465209961,"orthographic":false}