{"cameraMode":{"drawMode":0,"name":"Shaded","section":"Shading Mode"},"sceneLighting":true,"audioPlay":false,"sceneViewState":{"showFog":true,"showMaterialUpdate":false,"showSkybox":true,"showFlares":true,"showImageEffects":true,"showParticleSystems":true},"in2DMode":false,"pivot":{"x":3.4410552978515627,"y":-0.6644096374511719,"z":9.74563980102539},"rotation":{"x":-0.6215280294418335,"y":-0.013631213456392289,"z":0.010817877016961575,"w":-0.7832034826278687},"size":21.845417022705079,"orthographic":false}