{"cameraMode":{"drawMode":0,"name":"Shaded","section":"Shading Mode"},"sceneLighting":true,"audioPlay":false,"sceneViewState":{"showFog":true,"showMaterialUpdate":false,"showSkybox":true,"showFlares":true,"showImageEffects":true,"showParticleSystems":true},"in2DMode":false,"pivot":{"x":105.56195831298828,"y":-16.008102416992189,"z":-650.59228515625},"rotation":{"x":-0.001087251235730946,"y":0.9942507147789002,"z":-0.1066013053059578,"w":-0.010140764527022839},"size":1038.6341552734375,"orthographic":false}