{"cameraMode":{"drawMode":0,"name":"Shaded","section":"Shading Mode"},"sceneLighting":true,"audioPlay":false,"sceneViewState":{"showFog":true,"showMaterialUpdate":false,"showSkybox":true,"showFlares":true,"showImageEffects":true,"showParticleSystems":true},"in2DMode":false,"pivot":{"x":17.628746032714845,"y":-17.002490997314454,"z":25.12310218811035},"rotation":{"x":0.36187252402305605,"y":-0.04891401156783104,"z":0.019017096608877183,"w":0.9307555556297302},"size":38.612491607666019,"orthographic":false}