{"cameraMode":{"drawMode":0,"name":"Shaded","section":"Shading Mode"},"sceneLighting":false,"audioPlay":false,"sceneViewState":{"showFog":true,"showMaterialUpdate":false,"showSkybox":false,"showFlares":true,"showImageEffects":true,"showParticleSystems":true},"in2DMode":false,"pivot":{"x":-2.740602493286133,"y":0.0576171875,"z":-1.39825439453125},"rotation":{"x":0.3781487047672272,"y":-0.020827094092965127,"z":0.008508999831974507,"w":0.9254762530326843},"size":2.932115077972412,"orthographic":true}