{"cameraMode":{"drawMode":0,"name":"Shaded","section":"Shading Mode"},"sceneLighting":true,"audioPlay":false,"sceneViewState":{"showFog":true,"showMaterialUpdate":false,"showSkybox":true,"showFlares":true,"showImageEffects":true,"showParticleSystems":true},"in2DMode":false,"pivot":{"x":-2.4671168327331545,"y":-5.120306015014648,"z":23.56348419189453},"rotation":{"x":-0.1601492166519165,"y":0.13194027543067933,"z":-0.021606678143143655,"w":-0.9780101776123047},"size":31.060148239135743,"orthographic":false}