{"cameraMode":{"drawMode":0,"name":"Shaded","section":"Shading Mode"},"sceneLighting":true,"audioPlay":false,"sceneViewState":{"showFog":true,"showMaterialUpdate":false,"showSkybox":true,"showFlares":true,"showImageEffects":true,"showParticleSystems":true},"in2DMode":false,"pivot":{"x":6.877491474151611,"y":-8.051656723022461,"z":9.84970474243164},"rotation":{"x":0.39814072847366335,"y":-0.006879805587232113,"z":0.002986019477248192,"w":0.9172961711883545},"size":30.68562126159668,"orthographic":false}