{"cameraMode":{"drawMode":0,"name":"Shaded","section":"Shading Mode"},"sceneLighting":false,"audioPlay":false,"sceneViewState":{"showFog":true,"showMaterialUpdate":false,"showSkybox":false,"showFlares":true,"showImageEffects":true,"showParticleSystems":true},"in2DMode":false,"pivot":{"x":218.83628845214845,"y":134.18829345703126,"z":0.6968458890914917},"rotation":{"x":-0.026596931740641595,"y":0.2666322886943817,"z":0.007366381585597992,"w":0.9634156227111816},"size":1.7413403987884522,"orthographic":false}