{"cameraMode":{"drawMode":0,"name":"Shaded","section":"Shading Mode"},"sceneLighting":false,"audioPlay":false,"sceneViewState":{"showFog":true,"showMaterialUpdate":false,"showSkybox":false,"showFlares":true,"showImageEffects":true,"showParticleSystems":true},"in2DMode":false,"pivot":{"x":220.0,"y":155.95166015625,"z":-79.16316986083985},"rotation":{"x":0.4717857837677002,"y":-0.015870239585638047,"z":0.008490962907671929,"w":0.8815388679504395},"size":927.4569091796875,"orthographic":false}