{"cameraMode":{"drawMode":0,"name":"Shaded","section":"Shading Mode"},"sceneLighting":false,"audioPlay":false,"sceneViewState":{"showFog":true,"showMaterialUpdate":false,"showSkybox":false,"showFlares":true,"showImageEffects":true,"showParticleSystems":true},"in2DMode":false,"pivot":{"x":-0.8814879655838013,"y":-1.1570950746536255,"z":2.935004234313965},"rotation":{"x":0.12633047997951508,"y":-0.05948185548186302,"z":0.007588920649141073,"w":0.9901742339134216},"size":4.896299362182617,"orthographic":false}