{"cameraMode":{"drawMode":0,"name":"Shaded","section":"Shading Mode"},"sceneLighting":true,"audioPlay":false,"sceneViewState":{"showFog":true,"showMaterialUpdate":false,"showSkybox":true,"showFlares":true,"showImageEffects":true,"showParticleSystems":true},"in2DMode":false,"pivot":{"x":8.763958930969239,"y":-23.49770736694336,"z":17.97406768798828},"rotation":{"x":-0.5386297702789307,"y":-0.004552645608782768,"z":0.0029088209848850967,"w":-0.8425436615943909},"size":40.707008361816409,"orthographic":false}