{"cameraMode":{"drawMode":0,"name":"Shaded","section":"Shading Mode"},"sceneLighting":true,"audioPlay":false,"sceneViewState":{"showFog":true,"showMaterialUpdate":false,"showSkybox":true,"showFlares":true,"showImageEffects":true,"showParticleSystems":true},"in2DMode":false,"pivot":{"x":183.43292236328126,"y":-14.870513916015625,"z":151.02821350097657},"rotation":{"x":-0.3914518654346466,"y":-0.020152168348431588,"z":0.00857534073293209,"w":-0.9199409484863281},"size":470.1324157714844,"orthographic":false}