{"cameraMode":{"drawMode":0,"name":"Shaded","section":"Shading Mode"},"sceneLighting":true,"audioPlay":false,"sceneViewState":{"showFog":true,"showMaterialUpdate":false,"showSkybox":true,"showFlares":true,"showImageEffects":true,"showParticleSystems":true},"in2DMode":false,"pivot":{"x":-20.534095764160158,"y":9.860382080078125,"z":38.061492919921878},"rotation":{"x":0.2457038164138794,"y":-0.08855250477790833,"z":0.022545577958226205,"w":0.9650349617004395},"size":292.4671936035156,"orthographic":false}