{"cameraMode":{"drawMode":0,"name":"Shaded","section":"Shading Mode"},"sceneLighting":true,"audioPlay":false,"sceneViewState":{"showFog":true,"showMaterialUpdate":false,"showSkybox":true,"showFlares":true,"showImageEffects":true,"showParticleSystems":true},"in2DMode":false,"pivot":{"x":16.287830352783204,"y":-36.906700134277347,"z":166.1175079345703},"rotation":{"x":-0.1512080878019333,"y":-0.13830111920833589,"z":0.02136966586112976,"w":-0.9785485863685608},"size":172.5791473388672,"orthographic":false}